src_name,dst_name,classification
id_add_knk__n,id_add_knk__n,DIRECT_COPY
id_crlc_maf_diag__n,id_crlc_maf_diag__n,DIRECT_COPY
id_cycnr_dly_iga_tra__n,id_cycnr_dly_iga_tra__n,DIRECT_COPY
id_cycnr_n_grd_tra_knk__n,id_cycnr_n_grd_tra_knk__n,DIRECT_COPY
id_deacc_n__n,id_deacc_n__n,DIRECT_COPY
id_dly_st_ivvt__toil,id_dly_st_ivvt__toil,DIRECT_COPY
id_dri_n_sp_min_vb__vb_mmv,id_dri_n_sp_min_vb__vb_mmv,DIRECT_COPY
id_ecfpwm_igk_off__temp_cat,id_ecfpwm_igk_off__temp_cat,DIRECT_COPY
id_ectpwm_add__n__tco_sp,id_ectpwm_add__n__tco_sp,DIRECT_COPY
id_fac_knks_thd__tia,id_fac_knks_thd__tia,DIRECT_COPY
id_fac_ti_ris__cycnr,id_fac_ti_ris__cycnr,DIRECT_COPY
id_fac_ti_rpl__cycnr,id_fac_ti_rpl__cycnr,DIRECT_COPY
id_gear__n_vs_cru,id_gear__n_vs_cru,DIRECT_COPY
id_iga_cycnr_tra_knk__n,id_iga_cycnr_tra_knk__n,DIRECT_COPY
id_iga_dec_knk_1__n,id_iga_dec_knk_1__n,DIRECT_COPY
id_iga_dec_knk_2__n,id_iga_dec_knk_2__n,DIRECT_COPY
id_iga_inc_knk__n,id_iga_inc_knk__n,DIRECT_COPY
id_iga_lgrd_st_aj__n,id_iga_lgrd_st_aj__n,DIRECT_COPY
id_iga_tra_dec__n,id_iga_tra_dec__n,DIRECT_COPY
id_iga_tra_inc__n,id_iga_tra_inc__n,DIRECT_COPY
id_isapwm_slow_pu__n,id_isapwm_slow_pu__n,DIRECT_COPY
id_knkwb_0__n__maf,id_knkwb_0__n__maf,DIRECT_COPY
id_knkwb_1__n__maf,id_knkwb_1__n__maf,DIRECT_COPY
id_knkwb_2__n__maf,id_knkwb_2__n__maf,DIRECT_COPY
id_knkwb_3__n__maf,id_knkwb_3__n__maf,DIRECT_COPY
id_knkwb_4__n__maf,id_knkwb_4__n__maf,DIRECT_COPY
id_knkwb_5__n__maf,id_knkwb_5__n__maf,DIRECT_COPY
id_knkwe_0__n__maf,id_knkwe_0__n__maf,DIRECT_COPY
id_knkwe_1__n__maf,id_knkwe_1__n__maf,DIRECT_COPY
id_knkwe_2__n__maf,id_knkwe_2__n__maf,DIRECT_COPY
id_knkwe_3__n__maf,id_knkwe_3__n__maf,DIRECT_COPY
id_knkwe_4__n__maf,id_knkwe_4__n__maf,DIRECT_COPY
id_knkwe_5__n__maf,id_knkwe_5__n__maf,DIRECT_COPY
id_lam_tco_min__tco_st,id_lam_tco_min__tco_st,DIRECT_COPY
id_maf_min_knk_ad_2__n,id_maf_min_knk_ad_2__n,DIRECT_COPY
id_maf_min_knk_ad__n,id_maf_min_knk_ad__n,DIRECT_COPY
id_maf_tab__v_maf_1__v_maf_2,id_maf_tab__v_maf_1__v_maf_2,MANUAL_REVIEW
id_map_grd_iga_tra__n,id_map_grd_iga_tra__n,DIRECT_COPY
id_map_grd_tra_knk__n,id_map_grd_tra_knk__n,DIRECT_COPY
id_mis_a_obd_cat__temp_sub_cat,id_mis_a_obd_cat__temp_sub_cat,DIRECT_COPY
id_n_ecf_min_accin__n_ecf,id_n_ecf_min_accin__n_ecf,DIRECT_COPY
id_n_grd_max_knk__n,id_n_grd_max_knk__n,DIRECT_COPY
id_n_max_cycnr__vs,id_n_max_cycnr__vs,DIRECT_COPY
id_n_max_cycnr_diag__n,id_n_max_cycnr_diag__n,DIRECT_COPY
id_n_max_lgrd__gear,id_n_max_lgrd__gear,DIRECT_COPY
id_n_max_lgrd_at__gear,id_n_max_lgrd_at__gear,DIRECT_COPY
id_n_sp_min_vb__vb_mmv,id_n_sp_min_vb__vb_mmv,DIRECT_COPY
id_o2_int_max_at__n__maf,id_o2_int_max_at__n__maf,DIRECT_COPY
id_o2_int_max_mt__n__maf,id_o2_int_max_mt__n__maf,DIRECT_COPY
id_pat_fcut__nr_pat,id_pat_fcut__nr_pat,DIRECT_COPY
id_pvs_fl__n,id_pvs_fl__n,DIRECT_COPY
id_pvs_fl_ivvt__n,id_pvs_fl_ivvt__n,DIRECT_COPY
id_pvs_fl_vim__n_vim,id_pvs_fl_vim__n_vim,DIRECT_COPY
id_pvs_grd_iga_tra__n,id_pvs_grd_iga_tra__n,DIRECT_COPY
id_pvs_grd_tra_knk__n,id_pvs_grd_tra_knk__n,DIRECT_COPY
id_stop_dec_fsd__toil_max,id_stop_dec_fsd__toil_max,DIRECT_COPY
id_stop_inc_fsd__tco_st,id_stop_inc_fsd__tco_st,DIRECT_COPY
id_sum_cam_ad__toil,id_sum_cam_ad__toil,DIRECT_COPY
id_t_ch_2_cat_var__tco_st,id_t_ch_2_cat_var__tco_st,DIRECT_COPY
id_t_ch_ti_cat_var__tco_st,id_t_ch_ti_cat_var__tco_st,DIRECT_COPY
id_t_dly_iga_aj_at__gear,id_t_dly_iga_aj_at__gear,DIRECT_COPY
id_t_dly_iga_aj_mt__gear,id_t_dly_iga_aj_mt__gear,DIRECT_COPY
id_t_iga_ch_cat_var__tco_st,id_t_iga_ch_cat_var__tco_st,DIRECT_COPY
id_t_iga_inc_aj_at__gear,id_t_iga_inc_aj_at__gear,DIRECT_COPY
id_t_iga_inc_aj_mt__gear,id_t_iga_inc_aj_mt__gear,DIRECT_COPY
id_t_max_aj_at__gear,id_t_max_aj_at__gear,DIRECT_COPY
id_t_max_aj_mt__gear,id_t_max_aj_mt__gear,DIRECT_COPY
id_t_sap_on__tco_st,id_t_sap_on__tco_st,DIRECT_COPY
id_t_sav_on__tco_st,id_t_sav_on__tco_st,DIRECT_COPY
id_t_slow_pu_iga__n,id_t_slow_pu_iga__n,DIRECT_COPY
id_t_slow_pu_isa__n,id_t_slow_pu_isa__n,DIRECT_COPY
id_t_tco_min__tco_st,id_t_tco_min__tco_st,DIRECT_COPY
id_t_tco_puc_deacc__tco,id_t_tco_puc_deacc__tco,DIRECT_COPY
id_t_wait_diag_sa__tco,id_t_wait_diag_sa__tco,DIRECT_COPY
id_tco_sp_ect__n__maf_sub,id_tco_sp_ect__n__maf_sub,DIRECT_COPY
id_tco_sp_ect_acin__n__maf_sub,id_tco_sp_ect_acin__n__maf_sub,DIRECT_COPY
id_ti_cor_cyl_off__n,id_ti_cor_cyl_off__n,DIRECT_COPY
id_ti_dec_wf__n,id_ti_dec_wf__n,DIRECT_COPY
id_ti_inc_wf__n,id_ti_inc_wf__n,DIRECT_COPY
id_ti_tco_neg_wf__tco,id_ti_tco_neg_wf__tco,DIRECT_COPY
id_ti_tco_pos_wf__tco,id_ti_tco_pos_wf__tco,DIRECT_COPY
id_vim_fl__n_vim,id_vim_fl__n_vim,DIRECT_COPY
id_vim_pl__n_vim__maf,id_vim_pl__n_vim__maf,DIRECT_COPY
id_vls_down_crlc__maf_kgh,id_vls_down_crlc__maf_kgh,DIRECT_COPY
ip_accin_dly_2__n,ip_accin_dly_2__n,DIRECT_COPY
ip_accin_dly_3__n,ip_accin_dly_3__n,DIRECT_COPY
ip_acin_n_sp_is__tco,ip_acin_n_sp_is__tco,DIRECT_COPY
ip_cam_sp_tco_1_ex_fl__n,ip_cam_sp_tco_1_ex_fl__n,DIRECT_COPY
ip_cam_sp_tco_1_in_fl__n,ip_cam_sp_tco_1_in_fl__n,DIRECT_COPY
ip_cam_sp_tco_2_ex_fl__n,ip_cam_sp_tco_2_ex_fl__n,DIRECT_COPY
ip_cam_sp_tco_2_in_fl__n,ip_cam_sp_tco_2_in_fl__n,DIRECT_COPY
ip_cast_cycnr_st_ast__n__maf,ip_cast_cycnr_st_ast__n__maf,DIRECT_COPY
ip_cppwm_cps__cppwm,ip_cppwm_cps__cppwm,DIRECT_COPY
ip_cppwm_max__n__maf,ip_cppwm_max__n__maf,DIRECT_COPY
ip_cppwm_min__n__maf,ip_cppwm_min__n__maf,DIRECT_COPY
ip_cppwm_min_cat_var__n__maf,ip_cppwm_min_cat_var__n__maf,DIRECT_COPY
ip_cps_dif_map__n__maf_cor,ip_cps_dif_map__n__maf_cor,DIRECT_COPY
ip_cps_vb_add__vb,ip_cps_vb_add__vb,DIRECT_COPY
ip_crlc_dly_i__maf_kgh,ip_crlc_dly_i__maf_kgh,DIRECT_COPY
ip_crlc_drv2_at_er__n_32,ip_crlc_drv2_at_er__n_32,DIRECT_COPY
ip_crlc_drv2_mt_er__n_32,ip_crlc_drv2_mt_er__n_32,DIRECT_COPY
ip_crlc_maf_ivvt__n__maf_sub_diag,ip_crlc_maf_ivvt__n__maf_sub_diag,DIRECT_COPY
ip_cur_igc_sp__n__maf,ip_cur_igc_sp__n__maf,DIRECT_COPY
ip_dist_min__tco_st,ip_dist_min__tco_st,DIRECT_COPY
ip_dri_n_sp_add_heat__tco,ip_dri_n_sp_add_heat__tco,DIRECT_COPY
ip_dri_n_sp_is__tco,ip_dri_n_sp_is__tco,DIRECT_COPY
ip_ectpwm_i__tco_dif,ip_ectpwm_i__tco_dif,DIRECT_COPY
ip_ectpwm_p__tco_dif,ip_ectpwm_p__tco_dif,DIRECT_COPY
ip_eoi_ti_tra_ivvt__n__cam_av_in,ip_eoi_ti_tra_ivvt__n__cam_av_in,DIRECT_COPY
ip_eoi_tipr__tco,ip_eoi_tipr__tco,DIRECT_COPY
ip_fac_cam_sp_ex_is__tco__tco_st,ip_fac_cam_sp_ex_is__tco__tco_st,DIRECT_COPY
ip_fac_cam_sp_ex_pl__tco__tco_st,ip_fac_cam_sp_ex_pl__tco__tco_st,DIRECT_COPY
ip_fac_cam_sp_in_is__tco__tco_st,ip_fac_cam_sp_in_is__tco__tco_st,DIRECT_COPY
ip_fac_cam_sp_in_pl__tco__tco_st,ip_fac_cam_sp_in_pl__tco__tco_st,DIRECT_COPY
ip_fac_cat_dly__cat_diag,ip_fac_cat_dly__cat_diag,DIRECT_COPY
ip_fac_ctl_cc_cru_ac__t_ctl_cru,ip_fac_ctl_cc_cru_ac__t_ctl_cru,DIRECT_COPY
ip_fac_ctl_cc_cru_deacc__tctlcru,ip_fac_ctl_cc_cru_deacc__tctlcru,DIRECT_COPY
ip_fac_ctl_cru_ac__t_ctl_cru,ip_fac_ctl_cru_ac__t_ctl_cru,DIRECT_COPY
ip_fac_ctl_cru_deacc__t_ctl_cru,ip_fac_ctl_cru_deacc__t_ctl_cru,DIRECT_COPY
ip_fac_ctl_cru_rest__t_ctl_cru,ip_fac_ctl_cru_rest__t_ctl_cru,DIRECT_COPY
ip_fac_dec_cp__maf_kgh,ip_fac_dec_cp__maf_kgh,DIRECT_COPY
ip_fac_dly_p__maf_kgh,ip_fac_dly_p__maf_kgh,DIRECT_COPY
ip_fac_drv2_at_er__n_32,ip_fac_drv2_at_er__n_32,DIRECT_COPY
ip_fac_drv2_mt_er__n_32,ip_fac_drv2_mt_er__n_32,DIRECT_COPY
ip_fac_er__n__maf,ip_fac_er__n__maf,DIRECT_COPY
ip_fac_iga_ch_2__tco__t_ast,ip_fac_iga_ch_2__tco__t_ast,DIRECT_COPY
ip_fac_iga_tqr__iga_dif,ip_fac_iga_tqr__iga_dif,DIRECT_COPY
ip_fac_igcfb__n__maf,ip_fac_igcfb__n__maf,DIRECT_COPY
ip_fac_inc_cp__maf_kgh,ip_fac_inc_cp__maf_kgh,DIRECT_COPY
ip_fac_is_ivvt__tco__tco_st,ip_fac_is_ivvt__tco__tco_st,DIRECT_COPY
ip_fac_isapwm_n_sp_add_sif__tco,ip_fac_isapwm_n_sp_add_sif__tco,DIRECT_COPY
ip_fac_isapwm_vb__vb,ip_fac_isapwm_vb__vb,DIRECT_COPY
ip_fac_ivvtpwm_vb__vb,ip_fac_ivvtpwm_vb__vb,DIRECT_COPY
ip_fac_knk_0__n__maf,ip_fac_knk_0__n__maf,DIRECT_COPY
ip_fac_knk_1__n__maf,ip_fac_knk_1__n__maf,DIRECT_COPY
ip_fac_knk_2__n__maf,ip_fac_knk_2__n__maf,DIRECT_COPY
ip_fac_knk_3__n__maf,ip_fac_knk_3__n__maf,DIRECT_COPY
ip_fac_knk_4__n__maf,ip_fac_knk_4__n__maf,DIRECT_COPY
ip_fac_knk_5__n__maf,ip_fac_knk_5__n__maf,DIRECT_COPY
ip_fac_knk_diag__tia__tco,ip_fac_knk_diag__tia__tco,DIRECT_COPY
ip_fac_lam_dly__n__maf,ip_fac_lam_dly__n__maf,DIRECT_COPY
ip_fac_lam_pu__tco,ip_fac_lam_pu__tco,DIRECT_COPY
ip_fac_lgrd_cru_rest__vs_sp_dif,ip_fac_lgrd_cru_rest__vs_sp_dif,DIRECT_COPY
ip_fac_lgrd_cru_tip__vs_sp_dif,ip_fac_lgrd_cru_tip__vs_sp_dif,DIRECT_COPY
ip_fac_maf_sub_ivvt__maf_sub_diag,ip_fac_maf_sub_ivvt__maf_sub_diag,DIRECT_COPY
ip_fac_n_sp_add_sif__tco,ip_fac_n_sp_add_sif__tco,DIRECT_COPY
ip_fac_pl_ivvt__tco__tco_st,ip_fac_pl_ivvt__tco__tco_st,DIRECT_COPY
ip_fac_pq_isa__isapwm,ip_fac_pq_isa__isapwm,DIRECT_COPY
ip_fac_ramp_cp__lamvdifcp__faccp,ip_fac_ramp_cp__lamvdifcp__faccp,DIRECT_COPY
ip_fac_t_accin_inc__n,ip_fac_t_accin_inc__n,DIRECT_COPY
ip_fac_thd_er__tco,ip_fac_thd_er__tco,DIRECT_COPY
ip_fac_ti_cat_var__tco,ip_fac_ti_cat_var__tco,DIRECT_COPY
ip_fac_tia_tco__tco__tia,ip_fac_tia_tco__tco__tia,DIRECT_COPY
ip_fac_tia_tco_is__tco__tia,ip_fac_tia_tco_is__tco__tia,DIRECT_COPY
ip_fac_tps_isa__tps_av,ip_fac_tps_isa__tps_av,DIRECT_COPY
ip_fac_tqd_cat__pvs_av,ip_fac_tqd_cat__pvs_av,DIRECT_COPY
ip_fac_tqd_cor__tqi_asr_can,ip_fac_tqd_cor__tqi_asr_can,DIRECT_COPY
ip_gain_knk__n,ip_gain_knk__n,DIRECT_COPY
ip_iga_accin_puc__n__tco,ip_iga_accin_puc__n__tco,DIRECT_COPY
ip_iga_ast__n_dif_cor,ip_iga_ast__n_dif_cor,DIRECT_COPY
ip_iga_ch_2__n__pvs_av,ip_iga_ch_2__n__pvs_av,DIRECT_COPY
ip_iga_ch__n__maf,ip_iga_ch__n__maf,DIRECT_COPY
ip_iga_ch_cat_var__n__maf,ip_iga_ch_cat_var__n__maf,DIRECT_COPY
ip_iga_ch_is__n,ip_iga_ch_is__n,DIRECT_COPY
ip_iga_cor_cam_dif_ex__cam_dif,ip_iga_cor_cam_dif_ex__cam_dif,DIRECT_COPY
ip_iga_cor_cam_dif_in__cam_dif,ip_iga_cor_cam_dif_in__cam_dif,DIRECT_COPY
ip_iga_dif_tqr__tqd_fac,ip_iga_dif_tqr__tqd_fac,DIRECT_COPY
ip_iga_fac_is__tco,ip_iga_fac_is__tco,DIRECT_COPY
ip_iga_lgrd_max_puc__n,ip_iga_lgrd_max_puc__n,DIRECT_COPY
ip_iga_lgrd_max_puc_accin__n,ip_iga_lgrd_max_puc_accin__n,DIRECT_COPY
ip_iga_lgrd_ris__n_grd,ip_iga_lgrd_ris__n_grd,DIRECT_COPY
ip_iga_maf_n__n__maf,ip_iga_maf_n__n__maf,DIRECT_COPY
ip_iga_maf_n_is__n__maf,ip_iga_maf_n_is__n__maf,DIRECT_COPY
ip_iga_maf_n_knk_diag__n__maf,ip_iga_maf_n_knk_diag__n__maf,DIRECT_COPY
ip_iga_max_puc__n,ip_iga_max_puc__n,DIRECT_COPY
ip_iga_n_dif_is__n_dif_cor,ip_iga_n_dif_is__n_dif_cor,DIRECT_COPY
ip_iga_optm_tco_1__n__maf,ip_iga_optm_tco_1__n__maf,DIRECT_COPY
ip_iga_optm_tco_2__n__maf,ip_iga_optm_tco_2__n__maf,DIRECT_COPY
ip_iga_pu__n__tco,ip_iga_pu__n__tco,DIRECT_COPY
ip_iga_puc__n__tco,ip_iga_puc__n__tco,DIRECT_COPY
ip_iga_ron_91_pl_ivvt__n__maf,ip_iga_ron_91_pl_ivvt__n__maf,DIRECT_COPY
ip_iga_ron_98_pl_ivvt__n__maf,ip_iga_ron_98_pl_ivvt__n__maf,DIRECT_COPY
ip_iga_st__n,ip_iga_st__n,DIRECT_COPY
ip_iga_tco_1_is_ivvt__n__maf,ip_iga_tco_1_is_ivvt__n__maf,DIRECT_COPY
ip_iga_tco_1_pl_ivvt__n__maf,ip_iga_tco_1_pl_ivvt__n__maf,DIRECT_COPY
ip_iga_tco_2_is_ivvt__n__maf,ip_iga_tco_2_is_ivvt__n__maf,DIRECT_COPY
ip_iga_tco_ch_at__tco__t_ast,ip_iga_tco_ch_at__tco__t_ast,DIRECT_COPY
ip_iga_tco_ch_is__tco__t_ast,ip_iga_tco_ch_is__tco__t_ast,DIRECT_COPY
ip_iga_tco_ch_mt__tco__t_ast,ip_iga_tco_ch_mt__tco__t_ast,DIRECT_COPY
ip_iga_tco_is__tco,ip_iga_tco_is__tco,DIRECT_COPY
ip_iga_tco_st__tco,ip_iga_tco_st__tco,DIRECT_COPY
ip_iga_tqr__n__maf,ip_iga_tqr__n__maf,DIRECT_COPY
ip_iga_tra_knk__n__maf,ip_iga_tra_knk__n__maf,DIRECT_COPY
ip_igab__n__maf,ip_igab__n__maf,DIRECT_COPY
ip_igab_adc__tco,ip_igab_adc__tco,DIRECT_COPY
ip_igab_is__n__maf,ip_igab_is__n__maf,DIRECT_COPY
ip_isapwm__tco,ip_isapwm__tco,DIRECT_COPY
ip_isapwm_accin_n_maf__n__pq,ip_isapwm_accin_n_maf__n__pq,DIRECT_COPY
ip_isapwm_acin__tco,ip_isapwm_acin__tco,DIRECT_COPY
ip_isapwm_at__tco,ip_isapwm_at__tco,DIRECT_COPY
ip_isapwm_ch_dec__tco,ip_isapwm_ch_dec__tco,DIRECT_COPY
ip_isapwm_d_is__n_grd,ip_isapwm_d_is__n_grd,DIRECT_COPY
ip_isapwm_dri__tco,ip_isapwm_dri__tco,DIRECT_COPY
ip_isapwm_dri_acin__tco,ip_isapwm_dri_acin__tco,DIRECT_COPY
ip_isapwm_dri_lgrd_dec__tco,ip_isapwm_dri_lgrd_dec__tco,DIRECT_COPY
ip_isapwm_dri_lgrd_inc__tco,ip_isapwm_dri_lgrd_inc__tco,DIRECT_COPY
ip_isapwm_ecf_add__ecfpwm,ip_isapwm_ecf_add__ecfpwm,DIRECT_COPY
ip_isapwm_ini_i_st__tco,ip_isapwm_ini_i_st__tco,DIRECT_COPY
ip_isapwm_p_is__n_dif_cor,ip_isapwm_p_is__n_dif_cor,DIRECT_COPY
ip_isapwm_pos_i_is__n_dif_cor,ip_isapwm_pos_i_is__n_dif_cor,DIRECT_COPY
ip_isapwm_sap__n,ip_isapwm_sap__n,DIRECT_COPY
ip_isapwm_sap_tra__n,ip_isapwm_sap_tra__n,DIRECT_COPY
ip_isapwm_tco_fac_is__tco,ip_isapwm_tco_fac_is__tco,DIRECT_COPY
ip_isapwm_tia_add__tia,ip_isapwm_tia_add__tia,DIRECT_COPY
ip_isapwm_tia_fac__tia,ip_isapwm_tia_fac__tia,DIRECT_COPY
ip_isapwm_toil_add__toil,ip_isapwm_toil_add__toil,DIRECT_COPY
ip_isapwm_vo_add__tco__vo,ip_isapwm_vo_add__tco__vo,DIRECT_COPY
ip_isapwm_vs_at__vs__n_dif,ip_isapwm_vs_at__vs__n_dif,DIRECT_COPY
ip_ivvthpwm__tmag__vb,ip_ivvthpwm__tmag__vb,DIRECT_COPY
ip_lam_cp__n__maf_cor,ip_lam_cp__n__maf_cor,DIRECT_COPY
ip_lam_dif_max_cp__n__maf,ip_lam_dif_max_cp__n__maf,DIRECT_COPY
ip_lam_neg_p__n__maf,ip_lam_neg_p__n__maf,DIRECT_COPY
ip_lam_pos_p__n__maf,ip_lam_pos_p__n__maf,DIRECT_COPY
ip_lam_tra_lgrd__maf_kgh,ip_lam_tra_lgrd__maf_kgh,DIRECT_COPY
ip_maf_1_diag__n__tps_av,ip_maf_1_diag__n__tps_av,DIRECT_COPY
ip_maf_2_diag__n,ip_maf_2_diag__n,DIRECT_COPY
ip_maf_add_tia_fac__tia,ip_maf_add_tia_fac__tia,DIRECT_COPY
ip_maf_dif_max_er__maf,ip_maf_dif_max_er__maf,DIRECT_COPY
ip_maf_dly_ad_max__n,ip_maf_dly_ad_max__n,DIRECT_COPY
ip_maf_dly_ad_min__n,ip_maf_dly_ad_min__n,DIRECT_COPY
ip_maf_ign_crlc__n__maf_mes,ip_maf_ign_crlc__n__maf_mes,DIRECT_COPY
ip_maf_int_dly_puc_max__maf_int,ip_maf_int_dly_puc_max__maf_int,DIRECT_COPY
ip_maf_kgh_max_diag_sa__fac_amp,ip_maf_kgh_max_diag_sa__fac_amp,DIRECT_COPY
ip_maf_lam_cat_max__n,ip_maf_lam_cat_max__n,DIRECT_COPY
ip_maf_lam_cat_min__n,ip_maf_lam_cat_min__n,DIRECT_COPY
ip_maf_lam_dly_i_max__n,ip_maf_lam_dly_i_max__n,DIRECT_COPY
ip_maf_lam_dly_i_min__n,ip_maf_lam_dly_i_min__n,DIRECT_COPY
ip_maf_max_diag_sa__n,ip_maf_max_diag_sa__n,DIRECT_COPY
ip_maf_max_isa__pq_turb_sys,ip_maf_max_isa__pq_turb_sys,DIRECT_COPY
ip_maf_min_cop__n__iga_dif,ip_maf_min_cop__n__iga_dif,DIRECT_COPY
ip_maf_min_diag_sa__fac_amp,ip_maf_min_diag_sa__fac_amp,DIRECT_COPY
ip_maf_min_er__n_32,ip_maf_min_er__n_32,DIRECT_COPY
ip_maf_min_knk__n__tco,ip_maf_min_knk__n__tco,DIRECT_COPY
ip_maf_mmv_pu__n,ip_maf_mmv_pu__n,DIRECT_COPY
ip_maf_tco_cor__tco,ip_maf_tco_cor__tco,DIRECT_COPY
ip_maf_ti_ad_max__n,ip_maf_ti_ad_max__n,DIRECT_COPY
ip_maf_ti_ad_min__n,ip_maf_ti_ad_min__n,DIRECT_COPY
ip_maf_vo_1__map__n,ip_maf_vo_1__map__n,DIRECT_COPY
ip_maf_vo_2__map__n,ip_maf_vo_2__map__n,DIRECT_COPY
ip_maf_vo_3__map__n,ip_maf_vo_3__map__n,DIRECT_COPY
ip_maf_vo_4__map__n,ip_maf_vo_4__map__n,DIRECT_COPY
ip_maf_vo_5__map__n,ip_maf_vo_5__map__n,DIRECT_COPY
ip_maf_vo_6__map__n,ip_maf_vo_6__map__n,DIRECT_COPY
ip_maf_vo_7__map__n,ip_maf_vo_7__map__n,DIRECT_COPY
ip_maf_vo_8__map__n,ip_maf_vo_8__map__n,DIRECT_COPY
ip_map_ini_ast__tco,ip_map_ini_ast__tco,DIRECT_COPY
ip_mis_a_fac__n__maf,ip_mis_a_fac__n__maf,DIRECT_COPY
ip_mis_fac_thd_iv_er__n_32,ip_mis_fac_thd_iv_er__n_32,DIRECT_COPY
ip_n_ecf__tco_ex,ip_n_ecf__tco_ex,DIRECT_COPY
ip_n_ecf_temp_cat__temp_cat,ip_n_ecf_temp_cat__temp_cat,DIRECT_COPY
ip_n_ecf_vs_cor__vs,ip_n_ecf_vs_cor__vs,DIRECT_COPY
ip_n_max_inf__tco,ip_n_max_inf__tco,DIRECT_COPY
ip_n_max_tol_st__tco,ip_n_max_tol_st__tco,DIRECT_COPY
ip_n_min_accin_puc__tco,ip_n_min_accin_puc__tco,DIRECT_COPY
ip_n_min_diag_sa__fac_amp,ip_n_min_diag_sa__fac_amp,DIRECT_COPY
ip_n_min_puc__tco,ip_n_min_puc__tco,DIRECT_COPY
ip_n_perc_ecf__n_ecf_cor_fil,ip_n_perc_ecf__n_ecf_cor_fil,DIRECT_COPY
ip_n_sp_add_heat__tco,ip_n_sp_add_heat__tco,DIRECT_COPY
ip_n_sp_is__tco,ip_n_sp_is__tco,DIRECT_COPY
ip_n_sp_lgrd_ch_2__tco,ip_n_sp_lgrd_ch_2__tco,DIRECT_COPY
ip_n_vim_tia__tia,ip_n_vim_tia__tia,DIRECT_COPY
ip_nl_sp__n,ip_nl_sp__n,DIRECT_COPY
ip_nr_ip_maf__vo,ip_nr_ip_maf__vo,DIRECT_COPY
ip_nr_ti_cop__iga_dif,ip_nr_ti_cop__iga_dif,DIRECT_COPY
ip_o2_cat_1__vls_down_1,ip_o2_cat_1__vls_down_1,DIRECT_COPY
ip_o2_cat_2__vls_down_2,ip_o2_cat_2__vls_down_2,DIRECT_COPY
ip_pq_main_col_tq__n__tps_sum,ip_pq_main_col_tq__n__tps_sum,DIRECT_COPY
ip_pvs_dec_cru__n_32,ip_pvs_dec_cru__n_32,DIRECT_COPY
ip_pvs_dif_cr_neg__pvs_max__n,ip_pvs_dif_cr_neg__pvs_max__n,DIRECT_COPY
ip_pvs_dif_neg_fac__pvs_max__n,ip_pvs_dif_neg_fac__pvs_max__n,DIRECT_COPY
ip_pvs_fac_cs__n_dif__pvs_av,ip_pvs_fac_cs__n_dif__pvs_av,DIRECT_COPY
ip_pvs_grd_max_neg_er__pvs_max,ip_pvs_grd_max_neg_er__pvs_max,DIRECT_COPY
ip_pvs_grd_max_pos_er__pvs_max,ip_pvs_grd_max_pos_er__pvs_max,DIRECT_COPY
ip_pvs_isa_isapwm__isapwm,ip_pvs_isa_isapwm__isapwm,DIRECT_COPY
ip_pvs_max_cru__vs_fil,ip_pvs_max_cru__vs_fil,DIRECT_COPY
ip_pvs_min_at_1_ef__n_32,ip_pvs_min_at_1_ef__n_32,DIRECT_COPY
ip_pvs_min_at_2_ef__n_32,ip_pvs_min_at_2_ef__n_32,DIRECT_COPY
ip_pvs_min_at_3_ef__n_32,ip_pvs_min_at_3_ef__n_32,DIRECT_COPY
ip_pvs_min_at_4_ef__n_32,ip_pvs_min_at_4_ef__n_32,DIRECT_COPY
ip_pvs_min_at_5_ef__n_32,ip_pvs_min_at_5_ef__n_32,DIRECT_COPY
ip_pvs_min_mt_1_ef__n_32,ip_pvs_min_mt_1_ef__n_32,DIRECT_COPY
ip_pvs_min_mt_2_ef__n_32,ip_pvs_min_mt_2_ef__n_32,DIRECT_COPY
ip_pvs_min_mt_3_ef__n_32,ip_pvs_min_mt_3_ef__n_32,DIRECT_COPY
ip_pvs_min_mt_4_ef__n_32,ip_pvs_min_mt_4_ef__n_32,DIRECT_COPY
ip_pvs_min_mt_5_ef__n_32,ip_pvs_min_mt_5_ef__n_32,DIRECT_COPY
ip_pvs_min_set_cru__vs_sp_cru,ip_pvs_min_set_cru__vs_sp_cru,DIRECT_COPY
ip_sap_dly_2__n,ip_sap_dly_2__n,DIRECT_COPY
ip_sap_dly_3__n,ip_sap_dly_3__n,DIRECT_COPY
ip_soi_st__n__ti,ip_soi_st__n__ti,DIRECT_COPY
ip_soi_tco_1_is__n__ti,ip_soi_tco_1_is__n__ti,DIRECT_COPY
ip_soi_tco_1_pl__n__ti,ip_soi_tco_1_pl__n__ti,DIRECT_COPY
ip_soi_tco_2_is__n__ti,ip_soi_tco_2_is__n__ti,DIRECT_COPY
ip_soi_tco_2_pl__n__ti,ip_soi_tco_2_pl__n__ti,DIRECT_COPY
ip_sum_ign_mpl_st__tco,ip_sum_ign_mpl_st__tco,DIRECT_COPY
ip_t_dly_hst__maf_kgh,ip_t_dly_hst__maf_kgh,DIRECT_COPY
ip_t_dly_i__vls_dif_dly_i,ip_t_dly_i__vls_dif_dly_i,DIRECT_COPY
ip_t_dly_p__vls_dif_dly_i,ip_t_dly_p__vls_dif_dly_i,DIRECT_COPY
ip_t_dly_puc__maf_kgh,ip_t_dly_puc__maf_kgh,DIRECT_COPY
ip_t_dly_sap__maf_kgh,ip_t_dly_sap__maf_kgh,DIRECT_COPY
ip_t_rst_cru__vs_sp_cru,ip_t_rst_cru__vs_sp_cru,DIRECT_COPY
ip_t_seg_grd_end_aj__n,ip_t_seg_grd_end_aj__n,DIRECT_COPY
ip_t_seg_grd_st_1_aj__n__maf,ip_t_seg_grd_st_1_aj__n__maf,DIRECT_COPY
ip_t_seg_grd_st_2_aj__n__maf,ip_t_seg_grd_st_2_aj__n__maf,DIRECT_COPY
ip_t_vls_cyc_afl_max__n__maf,ip_t_vls_cyc_afl_max__n__maf,DIRECT_COPY
ip_t_vls_cyc_afr_max__n__maf,ip_t_vls_cyc_afr_max__n__maf,DIRECT_COPY
ip_t_vls_cycnr_afl_max__n__maf,ip_t_vls_cycnr_afl_max__n__maf,DIRECT_COPY
ip_t_vls_cycnr_afr_max__n__maf,ip_t_vls_cycnr_afr_max__n__maf,DIRECT_COPY
ip_tco_sub_inc__maf_kgh,ip_tco_sub_inc__maf_kgh,DIRECT_COPY
ip_temp_sub_ecf_ini__tco__tam,ip_temp_sub_ecf_ini__tco__tam,DIRECT_COPY
ip_thd_at_er__n_32__maf,ip_thd_at_er__n_32__maf,DIRECT_COPY
ip_thd_mt_er__n_32__maf,ip_thd_mt_er__n_32__maf,DIRECT_COPY
ip_ti_add_cop_step_2__n__maf,ip_ti_add_cop_step_2__n__maf,DIRECT_COPY
ip_ti_add_dly__vb,ip_ti_add_dly__vb,DIRECT_COPY
ip_ti_amp_cor__fac_amp,ip_ti_amp_cor__fac_amp,DIRECT_COPY
ip_ti_cast__tia__tco,ip_ti_cast__tia__tco,DIRECT_COPY
ip_ti_cast_rest__tco,ip_ti_cast_rest__tco,DIRECT_COPY
ip_ti_cat_var__n__maf,ip_ti_cat_var__n__maf,DIRECT_COPY
ip_ti_ch__n__maf,ip_ti_ch__n__maf,DIRECT_COPY
ip_ti_cop_nr_1_1__n__maf,ip_ti_cop_nr_1_1__n__maf,DIRECT_COPY
ip_ti_cop_nr_1_2__n__maf,ip_ti_cop_nr_1_2__n__maf,DIRECT_COPY
ip_ti_cop_nr_2_1__n__maf,ip_ti_cop_nr_2_1__n__maf,DIRECT_COPY
ip_ti_cop_nr_2_2__n__maf,ip_ti_cop_nr_2_2__n__maf,DIRECT_COPY
ip_ti_cop_nr_3_1__n__maf,ip_ti_cop_nr_3_1__n__maf,DIRECT_COPY
ip_ti_cop_nr_3_2__n__maf,ip_ti_cop_nr_3_2__n__maf,DIRECT_COPY
ip_ti_cop_nr_4_1__n__maf,ip_ti_cop_nr_4_1__n__maf,DIRECT_COPY
ip_ti_cop_nr_4_2__n__maf,ip_ti_cop_nr_4_2__n__maf,DIRECT_COPY
ip_ti_cop_nr_5_1__n__maf,ip_ti_cop_nr_5_1__n__maf,DIRECT_COPY
ip_ti_cop_nr_5_2__n__maf,ip_ti_cop_nr_5_2__n__maf,DIRECT_COPY
ip_ti_cr_cast__cyc__tco,ip_ti_cr_cast__cyc__tco,DIRECT_COPY
ip_ti_cr_cst__cyc__tco,ip_ti_cr_cst__cyc__tco,DIRECT_COPY
ip_ti_cr_neg_fast_wf__n,ip_ti_cr_neg_fast_wf__n,DIRECT_COPY
ip_ti_cr_pos_fast_wf__n,ip_ti_cr_pos_fast_wf__n,DIRECT_COPY
ip_ti_cst__n__tco,ip_ti_cst__n__tco,DIRECT_COPY
ip_ti_cst_amp_cor__fac_amp,ip_ti_cst_amp_cor__fac_amp,DIRECT_COPY
ip_ti_fac_fast_wf__maf__n,ip_ti_fac_fast_wf__maf__n,DIRECT_COPY
ip_ti_fac_sawup_at__tco__t_ast,ip_ti_fac_sawup_at__tco__t_ast,DIRECT_COPY
ip_ti_fac_sawup_mt__tco__t_ast,ip_ti_fac_sawup_mt__tco__t_ast,DIRECT_COPY
ip_ti_fac_slow_wf__maf__n,ip_ti_fac_slow_wf__maf__n,DIRECT_COPY
ip_ti_fast_wf_thd_min__tco,ip_ti_fast_wf_thd_min__tco,DIRECT_COPY
ip_ti_fl__n,ip_ti_fl__n,DIRECT_COPY
ip_ti_inc_cop__iga_dif__t,ip_ti_inc_cop__iga_dif__t,DIRECT_COPY
ip_ti_is__n_dif_cor,ip_ti_is__n_dif_cor,DIRECT_COPY
ip_ti_lgrd_ast__tco,ip_ti_lgrd_ast__tco,DIRECT_COPY
ip_ti_pvs__pvs__n,ip_ti_pvs__pvs__n,DIRECT_COPY
ip_ti_pvs_cr_ae__n,ip_ti_pvs_cr_ae__n,DIRECT_COPY
ip_ti_pvs_cr_pur__n,ip_ti_pvs_cr_pur__n,DIRECT_COPY
ip_ti_pvs_tco_fac__tco,ip_ti_pvs_tco_fac__tco,DIRECT_COPY
ip_ti_pvs_vo_fac__vo,ip_ti_pvs_vo_fac__vo,DIRECT_COPY
ip_ti_sawup__n__maf,ip_ti_sawup__n__maf,DIRECT_COPY
ip_ti_slow_wf_thd_min__tco,ip_ti_slow_wf_thd_min__tco,DIRECT_COPY
ip_ti_st_rest__tco,ip_ti_st_rest__tco,DIRECT_COPY
ip_ti_tco_1_is_ivvt__n__maf,ip_ti_tco_1_is_ivvt__n__maf,DIRECT_COPY
ip_ti_tco_2_is_ivvt__n__maf,ip_ti_tco_2_is_ivvt__n__maf,DIRECT_COPY
ip_ti_tco_2_pl_ivvt_1__n__maf,ip_ti_tco_2_pl_ivvt_1__n__maf,DIRECT_COPY
ip_ti_tco_2_pl_ivvt_2__n__maf,ip_ti_tco_2_pl_ivvt_2__n__maf,DIRECT_COPY
ip_ti_tco_ch__tco,ip_ti_tco_ch__tco,DIRECT_COPY
ip_ti_tco_ch_is__tco,ip_ti_tco_ch_is__tco,DIRECT_COPY
ip_ti_tco_neg_fast_wf__n__tco,ip_ti_tco_neg_fast_wf__n__tco,DIRECT_COPY
ip_ti_tco_neg_wf__n__tco,ip_ti_tco_neg_wf__n__tco,DIRECT_COPY
ip_ti_tco_pos_fast_wf__n__tco,ip_ti_tco_pos_fast_wf__n__tco,DIRECT_COPY
ip_ti_tco_pos_wf__n__tco,ip_ti_tco_pos_wf__n__tco,DIRECT_COPY
ip_ti_tco_wup__tco__tco_st,ip_ti_tco_wup__tco__tco_st,DIRECT_COPY
ip_ti_vo_fast_wf__vo,ip_ti_vo_fast_wf__vo,DIRECT_COPY
ip_ti_vo_slow_wf__vo,ip_ti_vo_slow_wf__vo,DIRECT_COPY
ip_ti_vo_wup__tco__vo,ip_ti_vo_wup__tco__vo,DIRECT_COPY
ip_ti_wup__n__maf,ip_ti_wup__n__maf,DIRECT_COPY
ip_tia__v_tia,ip_tia__v_tia,DIRECT_COPY
ip_tib__n__maf,ip_tib__n__maf,MANUAL_REVIEW
ip_tipr_cst__tco,ip_tipr_cst__tco,DIRECT_COPY
ip_tmag__toil__tco,ip_tmag__toil__tco,DIRECT_COPY
ip_toil__v_toil,ip_toil__v_toil,DIRECT_COPY
ip_toil_max_ivvt__n,ip_toil_max_ivvt__n,DIRECT_COPY
ip_toil_max_ivvt_diag__n,ip_toil_max_ivvt_diag__n,DIRECT_COPY
ip_toil_min_ivvt_diag__n,ip_toil_min_ivvt_diag__n,DIRECT_COPY
ip_tors_1_at__n_32,ip_tors_1_at__n_32,DIRECT_COPY
ip_tors_1_at_er__n_32__maf,ip_tors_1_at_er__n_32__maf,DIRECT_COPY
ip_tors_1_mt__n_32,ip_tors_1_mt__n_32,DIRECT_COPY
ip_tors_1_mt_er__n_32__maf,ip_tors_1_mt_er__n_32__maf,DIRECT_COPY
ip_tors_2_at__n_32,ip_tors_2_at__n_32,DIRECT_COPY
ip_tors_2_at_er__n_32__maf,ip_tors_2_at_er__n_32__maf,DIRECT_COPY
ip_tors_2_mt__n_32,ip_tors_2_mt__n_32,DIRECT_COPY
ip_tors_2_mt_er__n_32__maf,ip_tors_2_mt_er__n_32__maf,DIRECT_COPY
ip_tors_3_at__n_32,ip_tors_3_at__n_32,DIRECT_COPY
ip_tors_3_at_er__n_32__maf,ip_tors_3_at_er__n_32__maf,DIRECT_COPY
ip_tors_3_mt__n_32,ip_tors_3_mt__n_32,DIRECT_COPY
ip_tors_3_mt_er__n_32__maf,ip_tors_3_mt_er__n_32__maf,DIRECT_COPY
ip_tors_4_at__n_32,ip_tors_4_at__n_32,DIRECT_COPY
ip_tors_4_at_er__n_32__maf,ip_tors_4_at_er__n_32__maf,DIRECT_COPY
ip_tors_4_mt__n_32,ip_tors_4_mt__n_32,DIRECT_COPY
ip_tors_4_mt_er__n_32__maf,ip_tors_4_mt_er__n_32__maf,DIRECT_COPY
ip_tors_5_at__n_32,ip_tors_5_at__n_32,DIRECT_COPY
ip_tors_5_at_er__n_32__maf,ip_tors_5_at_er__n_32__maf,DIRECT_COPY
ip_tors_5_mt__n_32,ip_tors_5_mt__n_32,DIRECT_COPY
ip_tors_5_mt_er__n_32__maf,ip_tors_5_mt_er__n_32__maf,DIRECT_COPY
ip_tqfr__n__maf,ip_tqfr__n__maf,MANUAL_REVIEW
ip_tqi_maf__n__maf,ip_tqi_maf__n__maf,MANUAL_REVIEW
ip_vls_cat_max_cycnr__maf_kgh,ip_vls_cat_max_cycnr__maf_kgh,DIRECT_COPY
ip_vls_sp_dly__n__maf,ip_vls_sp_dly__n__maf,DIRECT_COPY
ip_vol_im__n__maf_mes,ip_vol_im__n__maf_mes,DIRECT_COPY
ip_vol_im_neg__n__maf_mes,ip_vol_im_neg__n__maf_mes,DIRECT_COPY
